c,h,a,n,n,e,l,s,4
c,h,a,n,n,e,l,s,4
c,h,a,n,n,e,l,s,4
c,h,a,n,n,e,l,s,4
c,h,a,n,n,e,l,s,4
c,h,a,n,n,e,l,s,4
c,h,a,n,n,e,l,s,4
c,h,a,n,n,e,l,s,4
c,h,a,n,n,e,l,s,4
c,h,a,n,n,e,l,s,4
c,h,a,n,n,e,l,s,4
c,h,a,n,n,e,l,s,4
c,h,a,n,n,e,l,s,4
c,h,a,n,n,e,l,s,4
c,h,a,n,n,e,l,s,4
c,h,a,n,n,e,l,s,4
c,h,a,n,n,e,l,s,4
c,h,a,n,n,e,l,s,4
c,h,a,n,n,e,l,s,4
c,h,a,n,n,e,l,s,4
c,h,a,n,n,e,l,s,4
c,h,a,n,n,e,l,s,4
c,h,a,n,n,e,l,s,4
c,h,a,n,n,e,l,s,4
c,h,a,n,n,e,l,s,4
c,h,a,n,n,e,l,s,4
c,h,a,n,n,e,l,s,4
c,h,a,n,n,e,l,s,4
c,h,a,n,n,e,l,s,4
c,h,a,n,n,e,l,s,4
c,h,a,n,n,e,l,s,4
c,h,a,n,n,e,l,s,4
c,h,a,n,n,e,l,s,4
c,h,a,n,n,e,l,s,4
c,h,a,n,n,e,l,s,4
c,h,a,n,n,e,l,s,4
c,h,a,n,n,e,l,s,4
c,h,a,n,n,e,l,s,4
c,h,a,n,n,e,l,s,4
D,o,n,a,l,d
D,o,n,a,l,d
D,o,n,a,l,d
D,o,n,a,l,d
D,o,n,a,l,d
D,o,n,a,l,d
D,o,n,a,l,d
D,o,n,a,l,d
D,o,n,a,l,d
D,o,n,a,l,d
D,o,n,a,l,d
D,o,n,a,l,d
D,o,n,a,l,d
J,o,e
J,o,e
J,o,e
J,o,e
J,o,e
J,o,e
J,o,e
J,o,e
J,o,e
J,o,e
J,o,e
J,o,e
J,o,e
P,o,s,t,e,r,-,s,i,z,e,d
P,o,s,t,e,r,-,s,i,z,e,d
P,o,s,t,e,r,-,s,i,z,e,d
P,o,s,t,e,r,-,s,i,z,e,d
P,o,s,t,e,r,-,s,i,z,e,d
P,o,s,t,e,r,-,s,i,z,e,d
P,o,s,t,e,r,-,s,i,z,e,d
P,o,s,t,e,r,-,s,i,z,e,d
P,o,s,t,e,r,-,s,i,z,e,d
P,o,s,t,e,r,-,s,i,z,e,d
P,o,s,t,e,r,-,s,i,z,e,d
P,o,s,t,e,r,-,s,i,z,e,d
P,o,s,t,e,r,-,s,i,z,e,d
s,i,h,y,e,o,k
s,o,o,n
S,o,u,t,h
S,o,u,t,h
S,o,u,t,h
S,o,u,t,h
S,o,u,t,h
S,o,u,t,h
S,o,u,t,h
S,o,u,t,h
S,o,u,t,h
S,o,u,t,h
S,t,e,v,e
S,t,e,v,e
S,t,e,v,e
S,t,e,v,e
S,t,e,v,e
S,t,e,v,e
S,t,e,v,e
S,t,e,v,e
S,t,e,v,e
S,t,e,v,e
